<?xml version="1.0" encoding="UTF-8"?>
<project-private xmlns="http://www.netbeans.org/ns/project-private/1">
    <editor-bookmarks xmlns="http://www.netbeans.org/ns/editor-bookmarks/2" lastBookmarkId="2"/>
    <open-files xmlns="http://www.netbeans.org/ns/projectui-open-files/2">
        <group>
            <file>file:/C:/Users/erick/OneDrive/Documentos/TEC/2018/POO/Tareas/ErickaCespedes-Tarea3/TareaWallRose/src/tareawallrose/EstadoCompra.java</file>
            <file>file:/C:/Users/erick/OneDrive/Documentos/TEC/2018/POO/Tareas/ErickaCespedes-Tarea3/TareaWallRose/src/tareawallrose/Cliente.java</file>
            <file>file:/C:/Users/erick/OneDrive/Documentos/TEC/2018/POO/Tareas/ErickaCespedes-Tarea3/TareaWallRose/src/tareawallrose/OrdenCompra.java</file>
            <file>file:/C:/Users/erick/OneDrive/Documentos/TEC/2018/POO/Tareas/ErickaCespedes-Tarea3/TareaWallRose/src/tareawallrose/WallRose.java</file>
            <file>file:/C:/Users/erick/OneDrive/Documentos/TEC/2018/POO/Tareas/ErickaCespedes-Tarea3/TareaWallRose/src/tareawallrose/Producto.java</file>
            <file>file:/C:/Users/erick/OneDrive/Documentos/TEC/2018/POO/Tareas/ErickaCespedes-Tarea3/TareaWallRose/src/tareawallrose/LineaOrdenCompra.java</file>
            <file>file:/C:/Users/erick/OneDrive/Documentos/TEC/2018/POO/Tareas/ErickaCespedes-Tarea3/TareaWallRose/src/tareawallrose/TareaWallRose.java</file>
        </group>
    </open-files>
</project-private>
