<?xml version="1.0" encoding="UTF-8"?>
<project-private xmlns="http://www.netbeans.org/ns/project-private/1">
    <editor-bookmarks xmlns="http://www.netbeans.org/ns/editor-bookmarks/2" lastBookmarkId="0"/>
    <open-files xmlns="http://www.netbeans.org/ns/projectui-open-files/2">
        <group>
            <file>file:/C:/Users/erick/OneDrive/Documentos/TEC/2018/POO/Proyectos/Proyecto2/Uno_Client_Text/Uno_Client_Text/src/uno_client_text/JugadorSecundario.java</file>
            <file>file:/C:/Users/erick/OneDrive/Documentos/TEC/2018/POO/Proyectos/Proyecto2/Uno_Client_Text/Uno_Client_Text/src/uno_client_text/Uno_Client_Text.java</file>
            <file>file:/C:/Users/erick/OneDrive/Documentos/TEC/2018/POO/Proyectos/Proyecto2/Uno_Client_Text/Uno_Client_Text/src/uno_client_text/EstadoJuego.java</file>
            <file>file:/C:/Users/erick/OneDrive/Documentos/TEC/2018/POO/Proyectos/Proyecto2/Uno_Client_Text/Uno_Client_Text/src/uno_client_text/ServerConnection.java</file>
        </group>
    </open-files>
</project-private>
