<?xml version="1.0" encoding="UTF-8"?>
<project-private xmlns="http://www.netbeans.org/ns/project-private/1">
    <editor-bookmarks xmlns="http://www.netbeans.org/ns/editor-bookmarks/2" lastBookmarkId="0"/>
    <open-files xmlns="http://www.netbeans.org/ns/projectui-open-files/2">
        <group>
            <file>file:/C:/Users/erick/OneDrive/Documentos/TEC/2018/POO/Proyectos/Proyecto2/Uno_Vista/src/uno_vista/Uno_Vista.java</file>
            <file>file:/C:/Users/erick/OneDrive/Documentos/TEC/2018/POO/Proyectos/Proyecto2/Uno_Vista/src/uno_vista/SalaEspera.java</file>
            <file>file:/C:/Users/erick/OneDrive/Documentos/TEC/2018/POO/Proyectos/Proyecto2/Uno_Vista/src/uno_vista/ViewControler.java</file>
            <file>file:/C:/Users/erick/OneDrive/Documentos/TEC/2018/POO/Proyectos/Proyecto2/Uno_Vista/src/uno_vista/Uno_1.java</file>
            <file>file:/C:/Users/erick/OneDrive/Documentos/TEC/2018/POO/Proyectos/Proyecto2/Uno_Vista/src/uno_vista/JugadorSecundario.java</file>
            <file>file:/C:/Users/erick/OneDrive/Documentos/TEC/2018/POO/Proyectos/Proyecto2/Uno_Vista/src/uno_vista/ServerConnection.java</file>
        </group>
    </open-files>
</project-private>
