<?xml version="1.0" encoding="UTF-8"?>
<project-private xmlns="http://www.netbeans.org/ns/project-private/1">
    <editor-bookmarks xmlns="http://www.netbeans.org/ns/editor-bookmarks/2" lastBookmarkId="0"/>
    <open-files xmlns="http://www.netbeans.org/ns/projectui-open-files/2">
        <group>
            <file>file:/C:/Users/Maria%20Fernanda/Documents/NetBeansProjects/Proyecto1POO/src/modelo/Cliente.java</file>
            <file>file:/C:/Users/Maria%20Fernanda/Documents/NetBeansProjects/Proyecto1POO/src/modelo/EstadoCita.java</file>
            <file>file:/C:/Users/Maria%20Fernanda/Documents/NetBeansProjects/Proyecto1POO/src/vista/MenuPrincipal.java</file>
            <file>file:/C:/Users/Maria%20Fernanda/Documents/NetBeansProjects/Proyecto1POO/src/vista/mantenimientoCitas/AgregarCita.java</file>
            <file>file:/C:/Users/Maria%20Fernanda/Documents/NetBeansProjects/Proyecto1POO/src/modelo/HorarioAtencion.java</file>
            <file>file:/C:/Users/Maria%20Fernanda/Documents/NetBeansProjects/Proyecto1POO/src/modelo/Servicio.java</file>
            <file>file:/C:/Users/Maria%20Fernanda/Documents/NetBeansProjects/Proyecto1POO/src/vista/Test.java</file>
            <file>file:/C:/Users/Maria%20Fernanda/Documents/NetBeansProjects/Proyecto1POO/src/modelo/Cita.java</file>
            <file>file:/C:/Users/Maria%20Fernanda/Documents/NetBeansProjects/Proyecto1POO/src/modelo/DiaSemana.java</file>
        </group>
    </open-files>
</project-private>
