<?xml version="1.0" encoding="UTF-8"?>
<project-private xmlns="http://www.netbeans.org/ns/project-private/1">
    <editor-bookmarks xmlns="http://www.netbeans.org/ns/editor-bookmarks/2" lastBookmarkId="0"/>
    <open-files xmlns="http://www.netbeans.org/ns/projectui-open-files/2">
        <group>
            <file>file:/C:/Users/erick/OneDrive/Documentos/TEC/2018/POO/Prácticas/Ericka%20Cespedes%20-%20Tarea%200/src/ericka/cespedes/tarea/pkg0/Dado.java</file>
            <file>file:/C:/Users/erick/OneDrive/Documentos/TEC/2018/POO/Prácticas/Ericka%20Cespedes%20-%20Tarea%200/src/ericka/cespedes/tarea/pkg0/Conversor.java</file>
            <file>file:/C:/Users/erick/OneDrive/Documentos/TEC/2018/POO/Prácticas/Ericka%20Cespedes%20-%20Tarea%200/src/ericka/cespedes/tarea/pkg0/Codificador.java</file>
            <file>file:/C:/Users/erick/OneDrive/Documentos/TEC/2018/POO/Prácticas/Ericka%20Cespedes%20-%20Tarea%200/src/ericka/cespedes/tarea/pkg0/Anagrama.java</file>
            <file>file:/C:/Users/erick/OneDrive/Documentos/TEC/2018/POO/Prácticas/Ericka%20Cespedes%20-%20Tarea%200/src/ericka/cespedes/tarea/pkg0/ErickaCespedesTarea0.java</file>
        </group>
    </open-files>
</project-private>
