<?xml version="1.0" encoding="UTF-8"?>
<project-private xmlns="http://www.netbeans.org/ns/project-private/1">
    <editor-bookmarks xmlns="http://www.netbeans.org/ns/editor-bookmarks/2" lastBookmarkId="0"/>
    <open-files xmlns="http://www.netbeans.org/ns/projectui-open-files/2">
        <group>
            <file>file:/C:/Users/erick/OneDrive/Documentos/TEC/2018/POO/Tareas/Ericka%20Cespedes%20-%20Tarea2/src/ericka/cespedes/tarea2/Cuenta.java</file>
            <file>file:/C:/Users/erick/OneDrive/Documentos/TEC/2018/POO/Tareas/Ericka%20Cespedes%20-%20Tarea2/src/ericka/cespedes/tarea2/ErickaCespedesTarea2.java</file>
        </group>
    </open-files>
</project-private>
