<?xml version="1.0" encoding="UTF-8"?>
<project-private xmlns="http://www.netbeans.org/ns/project-private/1">
    <editor-bookmarks xmlns="http://www.netbeans.org/ns/editor-bookmarks/2" lastBookmarkId="0"/>
    <open-files xmlns="http://www.netbeans.org/ns/projectui-open-files/2">
        <group>
            <file>file:/C:/Users/erick/OneDrive/Documentos/TEC/2018/POO/Proyectos/Proyecto2/Uno_Server/Uno_Server/src/modelo/Jugador.java</file>
            <file>file:/C:/Users/erick/OneDrive/Documentos/TEC/2018/POO/Proyectos/Proyecto2/Uno_Server/Uno_Server/src/modelo/CartaReversa.java</file>
            <file>file:/C:/Users/erick/OneDrive/Documentos/TEC/2018/POO/Proyectos/Proyecto2/Uno_Server/Uno_Server/src/modelo/Controller.java</file>
            <file>file:/C:/Users/erick/OneDrive/Documentos/TEC/2018/POO/Proyectos/Proyecto2/Uno_Server/Uno_Server/src/modelo/CartaNumero.java</file>
            <file>file:/C:/Users/erick/OneDrive/Documentos/TEC/2018/POO/Proyectos/Proyecto2/Uno_Server/Uno_Server/src/modelo/Client_Connection.java</file>
            <file>file:/C:/Users/erick/OneDrive/Documentos/TEC/2018/POO/Proyectos/Proyecto2/Uno_Server/Uno_Server/src/modelo/CartaSalto.java</file>
            <file>file:/C:/Users/erick/OneDrive/Documentos/TEC/2018/POO/Proyectos/Proyecto2/Uno_Server/Uno_Server/src/modelo/CartaTomeCuatro.java</file>
            <file>file:/C:/Users/erick/OneDrive/Documentos/TEC/2018/POO/Proyectos/Proyecto2/Uno_Server/Uno_Server/src/modelo/CartaTomeDos.java</file>
            <file>file:/C:/Users/erick/OneDrive/Documentos/TEC/2018/POO/Proyectos/Proyecto2/Uno_Server/Uno_Server/src/modelo/CartaComodin.java</file>
            <file>file:/C:/Users/erick/OneDrive/Documentos/TEC/2018/POO/Proyectos/Proyecto2/Uno_Server/Uno_Server/src/modelo/CartaFactory.java</file>
            <file>file:/C:/Users/erick/OneDrive/Documentos/TEC/2018/POO/Proyectos/Proyecto2/Uno_Server/Uno_Server/src/uno_server/Uno_Server.java</file>
            <file>file:/C:/Users/erick/OneDrive/Documentos/TEC/2018/POO/Proyectos/Proyecto2/Uno_Server/Uno_Server/src/modelo/Connection_Manager.java</file>
        </group>
    </open-files>
</project-private>
